{
    "dry": {
        "oxy1": {
            "Pc": 99.99825000000001,
            "RH": 4.75015,
            "Tc": 22.025949999999998,
            "V0": 0.0014562249999999998,
            "Vc": 0.052950695000000006,
            "calibration_factor": 406.83268271330877
        },
        "oxy2": {
            "Pc": 99.99825000000001,
            "RH": 4.75015,
            "Tc": 22.699700000000004,
            "V0": 0.00150478,
            "Vc": 0.05059791000000002,
            "calibration_factor": 426.73248527848995
        }
    },
    "wet": {
        "oxy1": {
            "Pc": 100.04404999999997,
            "RH": 100.0,
            "Tc": 22.521099999999997,
            "V0": 0.001474925,
            "Vc": 0.05166569000000001,
            "calibration_factor": 417.5913332861133
        },
        "oxy2": {
            "Pc": 100.04404999999997,
            "RH": 100.0,
            "Tc": 23.3594,
            "V0": 0.0015370499999999999,
            "Vc": 0.048979350000000005,
            "calibration_factor": 441.78356603705953
        }
    }
}